Node,Degree Centrality,Betweenness Centrality
Ada Health,0.8333333333333333,0.1333333333333333
Mayo Clinic,0.8333333333333333,0.09444444444444443
Buoy Health,0.6666666666666666,0.04444444444444444
WebMD,0.6666666666666666,0.03888888888888888
MedlinePlus,0.6666666666666666,0.1
NHS 111,0.5,0.016666666666666666
ChatGPT,0.5,0.03888888888888888
